category,segment,category_link
Bancos Digitais,Bancos e Financeiras,https://www.reclameaqui.com.br/segmentos/bancos-e-financeiras/bancos-digitais/
Bancos Tradicionais e Digitais,Bancos e Financeiras,https://www.reclameaqui.com.br/segmentos/bancos-e-financeiras/bancos-tradicionais-e-digitais/
Bancos com Serviços Internacionais,Bancos e Financeiras,https://www.reclameaqui.com.br/segmentos/bancos-e-financeiras/bancos-com-servicos-internacionais/
Cartões Private Label de Varejo e Mercados,Bancos e Financeiras,https://www.reclameaqui.com.br/segmentos/bancos-e-financeiras/cartoes-de-credito/
Cartões de Benefícios,Bancos e Financeiras,https://www.reclameaqui.com.br/segmentos/bancos-e-financeiras/cartoes-de-beneficios/
Consórcios,Bancos e Financeiras,https://www.reclameaqui.com.br/segmentos/bancos-e-financeiras/consorcios/
Corretoras e Bancos de Investimentos,Bancos e Financeiras,https://www.reclameaqui.com.br/segmentos/bancos-e-financeiras/corretoras-e-bancos-de-investimentos/
Criptomoedas,Bancos e Financeiras,https://www.reclameaqui.com.br/segmentos/bancos-e-financeiras/criptomoedas/
Emissoras e Bandeiras de Cartão de Crédito,Bancos e Financeiras,https://www.reclameaqui.com.br/segmentos/bancos-e-financeiras/emissoras-e-bandeiras-de-cartao-de-credito/
Empréstimos,Bancos e Financeiras,https://www.reclameaqui.com.br/segmentos/bancos-e-financeiras/emprestimo/
Financiamentos,Bancos e Financeiras,https://www.reclameaqui.com.br/segmentos/bancos-e-financeiras/financiamento/
Cursos Preparatórios - Concurso e Vestibulares,Bancos e Financeiras,https://www.reclameaqui.com.br/segmentos/educacao/cursos-preparatorios-concurso-e-vestibulares/
Cursos Profissionalizantes,Bancos e Financeiras,https://www.reclameaqui.com.br/segmentos/educacao/cursos-profissionalizantes/
Cursos de Idiomas,Bancos e Financeiras,https://www.reclameaqui.com.br/segmentos/educacao/cursos-de-idiomas/
Universidades e Faculdades,Bancos e Financeiras,https://www.reclameaqui.com.br/segmentos/educacao/universidade-e-faculdades/
Acessórios - Moda,Bancos e Financeiras,https://www.reclameaqui.com.br/segmentos/moda/acessorios/
Alfaiataria,Bancos e Financeiras,https://www.reclameaqui.com.br/segmentos/moda/alfaiataria/
Bijuterias e Joalherias,Bancos e Financeiras,https://www.reclameaqui.com.br/segmentos/moda/bijuterias-e-joalherias/
"Bolsas, Malas e Mochilas",Bancos e Financeiras,https://www.reclameaqui.com.br/segmentos/moda/bolsas-malas-e-mochilas/
E-commerce - Moda,Bancos e Financeiras,https://www.reclameaqui.com.br/segmentos/moda/e-commerce-moda/
"Fantasias, Cosplays e Geek",Bancos e Financeiras,https://www.reclameaqui.com.br/segmentos/moda/fantasias-cosplays-e-geek/
Marcas de Calçados,Bancos e Financeiras,https://www.reclameaqui.com.br/segmentos/moda/marcas-de-calcados/
Moda Fitness e Esportiva,Bancos e Financeiras,https://www.reclameaqui.com.br/segmentos/moda/moda-fitness-e-esportiva/
Moda Plus Size,Bancos e Financeiras,https://www.reclameaqui.com.br/segmentos/moda/moda-plus-size/
Moda Praia e Verão,Bancos e Financeiras,https://www.reclameaqui.com.br/segmentos/moda/moda-praia-e-verao/
Outlets,Bancos e Financeiras,https://www.reclameaqui.com.br/segmentos/moda/outlets/
"Roupas íntimas, Pijamas e Meias",Bancos e Financeiras,https://www.reclameaqui.com.br/segmentos/moda/roupas-intimas-pijamas-e-meias/
Óticas,Bancos e Financeiras,https://www.reclameaqui.com.br/segmentos/moda/oticas/
Agências de viagens,Bancos e Financeiras,https://www.reclameaqui.com.br/segmentos/turismo-e-lazer/agencias-de-viagens/
Planos de Celular,Bancos e Financeiras,https://www.reclameaqui.com.br/segmentos/telefonia-tv-e-internet/planos-de-celular/
Planos de Internet,Bancos e Financeiras,https://www.reclameaqui.com.br/segmentos/telefonia-tv-e-internet/planos-de-internet/
Planos de TV e Streaming,Bancos e Financeiras,https://www.reclameaqui.com.br/segmentos/telefonia-tv-e-internet/planos-de-tv-e-streaming/
Casa de Aposta,Bancos e Financeiras,https://www.reclameaqui.com.br/segmentos/apostas/casa-de-aposta/
Bancos Digitais,Educação,https://www.reclameaqui.com.br/segmentos/bancos-e-financeiras/bancos-digitais/
Bancos Tradicionais e Digitais,Educação,https://www.reclameaqui.com.br/segmentos/bancos-e-financeiras/bancos-tradicionais-e-digitais/
Bancos com Serviços Internacionais,Educação,https://www.reclameaqui.com.br/segmentos/bancos-e-financeiras/bancos-com-servicos-internacionais/
Cartões Private Label de Varejo e Mercados,Educação,https://www.reclameaqui.com.br/segmentos/bancos-e-financeiras/cartoes-de-credito/
Cartões de Benefícios,Educação,https://www.reclameaqui.com.br/segmentos/bancos-e-financeiras/cartoes-de-beneficios/
Consórcios,Educação,https://www.reclameaqui.com.br/segmentos/bancos-e-financeiras/consorcios/
Corretoras e Bancos de Investimentos,Educação,https://www.reclameaqui.com.br/segmentos/bancos-e-financeiras/corretoras-e-bancos-de-investimentos/
Criptomoedas,Educação,https://www.reclameaqui.com.br/segmentos/bancos-e-financeiras/criptomoedas/
Emissoras e Bandeiras de Cartão de Crédito,Educação,https://www.reclameaqui.com.br/segmentos/bancos-e-financeiras/emissoras-e-bandeiras-de-cartao-de-credito/
Empréstimos,Educação,https://www.reclameaqui.com.br/segmentos/bancos-e-financeiras/emprestimo/
Financiamentos,Educação,https://www.reclameaqui.com.br/segmentos/bancos-e-financeiras/financiamento/
Cursos Preparatórios - Concurso e Vestibulares,Educação,https://www.reclameaqui.com.br/segmentos/educacao/cursos-preparatorios-concurso-e-vestibulares/
Cursos Profissionalizantes,Educação,https://www.reclameaqui.com.br/segmentos/educacao/cursos-profissionalizantes/
Cursos de Idiomas,Educação,https://www.reclameaqui.com.br/segmentos/educacao/cursos-de-idiomas/
Universidades e Faculdades,Educação,https://www.reclameaqui.com.br/segmentos/educacao/universidade-e-faculdades/
Acessórios - Moda,Educação,https://www.reclameaqui.com.br/segmentos/moda/acessorios/
Alfaiataria,Educação,https://www.reclameaqui.com.br/segmentos/moda/alfaiataria/
Bijuterias e Joalherias,Educação,https://www.reclameaqui.com.br/segmentos/moda/bijuterias-e-joalherias/
"Bolsas, Malas e Mochilas",Educação,https://www.reclameaqui.com.br/segmentos/moda/bolsas-malas-e-mochilas/
E-commerce - Moda,Educação,https://www.reclameaqui.com.br/segmentos/moda/e-commerce-moda/
"Fantasias, Cosplays e Geek",Educação,https://www.reclameaqui.com.br/segmentos/moda/fantasias-cosplays-e-geek/
Marcas de Calçados,Educação,https://www.reclameaqui.com.br/segmentos/moda/marcas-de-calcados/
Moda Fitness e Esportiva,Educação,https://www.reclameaqui.com.br/segmentos/moda/moda-fitness-e-esportiva/
Moda Plus Size,Educação,https://www.reclameaqui.com.br/segmentos/moda/moda-plus-size/
Moda Praia e Verão,Educação,https://www.reclameaqui.com.br/segmentos/moda/moda-praia-e-verao/
Outlets,Educação,https://www.reclameaqui.com.br/segmentos/moda/outlets/
"Roupas íntimas, Pijamas e Meias",Educação,https://www.reclameaqui.com.br/segmentos/moda/roupas-intimas-pijamas-e-meias/
Óticas,Educação,https://www.reclameaqui.com.br/segmentos/moda/oticas/
Agências de viagens,Educação,https://www.reclameaqui.com.br/segmentos/turismo-e-lazer/agencias-de-viagens/
Planos de Celular,Educação,https://www.reclameaqui.com.br/segmentos/telefonia-tv-e-internet/planos-de-celular/
Planos de Internet,Educação,https://www.reclameaqui.com.br/segmentos/telefonia-tv-e-internet/planos-de-internet/
Planos de TV e Streaming,Educação,https://www.reclameaqui.com.br/segmentos/telefonia-tv-e-internet/planos-de-tv-e-streaming/
Casa de Aposta,Educação,https://www.reclameaqui.com.br/segmentos/apostas/casa-de-aposta/
Bancos Digitais,Moda,https://www.reclameaqui.com.br/segmentos/bancos-e-financeiras/bancos-digitais/
Bancos Tradicionais e Digitais,Moda,https://www.reclameaqui.com.br/segmentos/bancos-e-financeiras/bancos-tradicionais-e-digitais/
Bancos com Serviços Internacionais,Moda,https://www.reclameaqui.com.br/segmentos/bancos-e-financeiras/bancos-com-servicos-internacionais/
Cartões Private Label de Varejo e Mercados,Moda,https://www.reclameaqui.com.br/segmentos/bancos-e-financeiras/cartoes-de-credito/
Cartões de Benefícios,Moda,https://www.reclameaqui.com.br/segmentos/bancos-e-financeiras/cartoes-de-beneficios/
Consórcios,Moda,https://www.reclameaqui.com.br/segmentos/bancos-e-financeiras/consorcios/
Corretoras e Bancos de Investimentos,Moda,https://www.reclameaqui.com.br/segmentos/bancos-e-financeiras/corretoras-e-bancos-de-investimentos/
Criptomoedas,Moda,https://www.reclameaqui.com.br/segmentos/bancos-e-financeiras/criptomoedas/
Emissoras e Bandeiras de Cartão de Crédito,Moda,https://www.reclameaqui.com.br/segmentos/bancos-e-financeiras/emissoras-e-bandeiras-de-cartao-de-credito/
Empréstimos,Moda,https://www.reclameaqui.com.br/segmentos/bancos-e-financeiras/emprestimo/
Financiamentos,Moda,https://www.reclameaqui.com.br/segmentos/bancos-e-financeiras/financiamento/
Cursos Preparatórios - Concurso e Vestibulares,Moda,https://www.reclameaqui.com.br/segmentos/educacao/cursos-preparatorios-concurso-e-vestibulares/
Cursos Profissionalizantes,Moda,https://www.reclameaqui.com.br/segmentos/educacao/cursos-profissionalizantes/
Cursos de Idiomas,Moda,https://www.reclameaqui.com.br/segmentos/educacao/cursos-de-idiomas/
Universidades e Faculdades,Moda,https://www.reclameaqui.com.br/segmentos/educacao/universidade-e-faculdades/
Acessórios - Moda,Moda,https://www.reclameaqui.com.br/segmentos/moda/acessorios/
Alfaiataria,Moda,https://www.reclameaqui.com.br/segmentos/moda/alfaiataria/
Bijuterias e Joalherias,Moda,https://www.reclameaqui.com.br/segmentos/moda/bijuterias-e-joalherias/
"Bolsas, Malas e Mochilas",Moda,https://www.reclameaqui.com.br/segmentos/moda/bolsas-malas-e-mochilas/
E-commerce - Moda,Moda,https://www.reclameaqui.com.br/segmentos/moda/e-commerce-moda/
"Fantasias, Cosplays e Geek",Moda,https://www.reclameaqui.com.br/segmentos/moda/fantasias-cosplays-e-geek/
Marcas de Calçados,Moda,https://www.reclameaqui.com.br/segmentos/moda/marcas-de-calcados/
Moda Fitness e Esportiva,Moda,https://www.reclameaqui.com.br/segmentos/moda/moda-fitness-e-esportiva/
Moda Plus Size,Moda,https://www.reclameaqui.com.br/segmentos/moda/moda-plus-size/
Moda Praia e Verão,Moda,https://www.reclameaqui.com.br/segmentos/moda/moda-praia-e-verao/
Outlets,Moda,https://www.reclameaqui.com.br/segmentos/moda/outlets/
"Roupas íntimas, Pijamas e Meias",Moda,https://www.reclameaqui.com.br/segmentos/moda/roupas-intimas-pijamas-e-meias/
Óticas,Moda,https://www.reclameaqui.com.br/segmentos/moda/oticas/
Agências de viagens,Moda,https://www.reclameaqui.com.br/segmentos/turismo-e-lazer/agencias-de-viagens/
Planos de Celular,Moda,https://www.reclameaqui.com.br/segmentos/telefonia-tv-e-internet/planos-de-celular/
Planos de Internet,Moda,https://www.reclameaqui.com.br/segmentos/telefonia-tv-e-internet/planos-de-internet/
Planos de TV e Streaming,Moda,https://www.reclameaqui.com.br/segmentos/telefonia-tv-e-internet/planos-de-tv-e-streaming/
Casa de Aposta,Moda,https://www.reclameaqui.com.br/segmentos/apostas/casa-de-aposta/
Bancos Digitais,Turismo e Lazer,https://www.reclameaqui.com.br/segmentos/bancos-e-financeiras/bancos-digitais/
Bancos Tradicionais e Digitais,Turismo e Lazer,https://www.reclameaqui.com.br/segmentos/bancos-e-financeiras/bancos-tradicionais-e-digitais/
Bancos com Serviços Internacionais,Turismo e Lazer,https://www.reclameaqui.com.br/segmentos/bancos-e-financeiras/bancos-com-servicos-internacionais/
Cartões Private Label de Varejo e Mercados,Turismo e Lazer,https://www.reclameaqui.com.br/segmentos/bancos-e-financeiras/cartoes-de-credito/
Cartões de Benefícios,Turismo e Lazer,https://www.reclameaqui.com.br/segmentos/bancos-e-financeiras/cartoes-de-beneficios/
Consórcios,Turismo e Lazer,https://www.reclameaqui.com.br/segmentos/bancos-e-financeiras/consorcios/
Corretoras e Bancos de Investimentos,Turismo e Lazer,https://www.reclameaqui.com.br/segmentos/bancos-e-financeiras/corretoras-e-bancos-de-investimentos/
Criptomoedas,Turismo e Lazer,https://www.reclameaqui.com.br/segmentos/bancos-e-financeiras/criptomoedas/
Emissoras e Bandeiras de Cartão de Crédito,Turismo e Lazer,https://www.reclameaqui.com.br/segmentos/bancos-e-financeiras/emissoras-e-bandeiras-de-cartao-de-credito/
Empréstimos,Turismo e Lazer,https://www.reclameaqui.com.br/segmentos/bancos-e-financeiras/emprestimo/
Financiamentos,Turismo e Lazer,https://www.reclameaqui.com.br/segmentos/bancos-e-financeiras/financiamento/
Cursos Preparatórios - Concurso e Vestibulares,Turismo e Lazer,https://www.reclameaqui.com.br/segmentos/educacao/cursos-preparatorios-concurso-e-vestibulares/
Cursos Profissionalizantes,Turismo e Lazer,https://www.reclameaqui.com.br/segmentos/educacao/cursos-profissionalizantes/
Cursos de Idiomas,Turismo e Lazer,https://www.reclameaqui.com.br/segmentos/educacao/cursos-de-idiomas/
Universidades e Faculdades,Turismo e Lazer,https://www.reclameaqui.com.br/segmentos/educacao/universidade-e-faculdades/
Acessórios - Moda,Turismo e Lazer,https://www.reclameaqui.com.br/segmentos/moda/acessorios/
Alfaiataria,Turismo e Lazer,https://www.reclameaqui.com.br/segmentos/moda/alfaiataria/
Bijuterias e Joalherias,Turismo e Lazer,https://www.reclameaqui.com.br/segmentos/moda/bijuterias-e-joalherias/
"Bolsas, Malas e Mochilas",Turismo e Lazer,https://www.reclameaqui.com.br/segmentos/moda/bolsas-malas-e-mochilas/
E-commerce - Moda,Turismo e Lazer,https://www.reclameaqui.com.br/segmentos/moda/e-commerce-moda/
"Fantasias, Cosplays e Geek",Turismo e Lazer,https://www.reclameaqui.com.br/segmentos/moda/fantasias-cosplays-e-geek/
Marcas de Calçados,Turismo e Lazer,https://www.reclameaqui.com.br/segmentos/moda/marcas-de-calcados/
Moda Fitness e Esportiva,Turismo e Lazer,https://www.reclameaqui.com.br/segmentos/moda/moda-fitness-e-esportiva/
Moda Plus Size,Turismo e Lazer,https://www.reclameaqui.com.br/segmentos/moda/moda-plus-size/
Moda Praia e Verão,Turismo e Lazer,https://www.reclameaqui.com.br/segmentos/moda/moda-praia-e-verao/
Outlets,Turismo e Lazer,https://www.reclameaqui.com.br/segmentos/moda/outlets/
"Roupas íntimas, Pijamas e Meias",Turismo e Lazer,https://www.reclameaqui.com.br/segmentos/moda/roupas-intimas-pijamas-e-meias/
Óticas,Turismo e Lazer,https://www.reclameaqui.com.br/segmentos/moda/oticas/
Agências de viagens,Turismo e Lazer,https://www.reclameaqui.com.br/segmentos/turismo-e-lazer/agencias-de-viagens/
Planos de Celular,Turismo e Lazer,https://www.reclameaqui.com.br/segmentos/telefonia-tv-e-internet/planos-de-celular/
Planos de Internet,Turismo e Lazer,https://www.reclameaqui.com.br/segmentos/telefonia-tv-e-internet/planos-de-internet/
Planos de TV e Streaming,Turismo e Lazer,https://www.reclameaqui.com.br/segmentos/telefonia-tv-e-internet/planos-de-tv-e-streaming/
Casa de Aposta,Turismo e Lazer,https://www.reclameaqui.com.br/segmentos/apostas/casa-de-aposta/
Bancos Digitais,"Telefonia, TV e Internet",https://www.reclameaqui.com.br/segmentos/bancos-e-financeiras/bancos-digitais/
Bancos Tradicionais e Digitais,"Telefonia, TV e Internet",https://www.reclameaqui.com.br/segmentos/bancos-e-financeiras/bancos-tradicionais-e-digitais/
Bancos com Serviços Internacionais,"Telefonia, TV e Internet",https://www.reclameaqui.com.br/segmentos/bancos-e-financeiras/bancos-com-servicos-internacionais/
Cartões Private Label de Varejo e Mercados,"Telefonia, TV e Internet",https://www.reclameaqui.com.br/segmentos/bancos-e-financeiras/cartoes-de-credito/
Cartões de Benefícios,"Telefonia, TV e Internet",https://www.reclameaqui.com.br/segmentos/bancos-e-financeiras/cartoes-de-beneficios/
Consórcios,"Telefonia, TV e Internet",https://www.reclameaqui.com.br/segmentos/bancos-e-financeiras/consorcios/
Corretoras e Bancos de Investimentos,"Telefonia, TV e Internet",https://www.reclameaqui.com.br/segmentos/bancos-e-financeiras/corretoras-e-bancos-de-investimentos/
Criptomoedas,"Telefonia, TV e Internet",https://www.reclameaqui.com.br/segmentos/bancos-e-financeiras/criptomoedas/
Emissoras e Bandeiras de Cartão de Crédito,"Telefonia, TV e Internet",https://www.reclameaqui.com.br/segmentos/bancos-e-financeiras/emissoras-e-bandeiras-de-cartao-de-credito/
Empréstimos,"Telefonia, TV e Internet",https://www.reclameaqui.com.br/segmentos/bancos-e-financeiras/emprestimo/
Financiamentos,"Telefonia, TV e Internet",https://www.reclameaqui.com.br/segmentos/bancos-e-financeiras/financiamento/
Cursos Preparatórios - Concurso e Vestibulares,"Telefonia, TV e Internet",https://www.reclameaqui.com.br/segmentos/educacao/cursos-preparatorios-concurso-e-vestibulares/
Cursos Profissionalizantes,"Telefonia, TV e Internet",https://www.reclameaqui.com.br/segmentos/educacao/cursos-profissionalizantes/
Cursos de Idiomas,"Telefonia, TV e Internet",https://www.reclameaqui.com.br/segmentos/educacao/cursos-de-idiomas/
Universidades e Faculdades,"Telefonia, TV e Internet",https://www.reclameaqui.com.br/segmentos/educacao/universidade-e-faculdades/
Acessórios - Moda,"Telefonia, TV e Internet",https://www.reclameaqui.com.br/segmentos/moda/acessorios/
Alfaiataria,"Telefonia, TV e Internet",https://www.reclameaqui.com.br/segmentos/moda/alfaiataria/
Bijuterias e Joalherias,"Telefonia, TV e Internet",https://www.reclameaqui.com.br/segmentos/moda/bijuterias-e-joalherias/
"Bolsas, Malas e Mochilas","Telefonia, TV e Internet",https://www.reclameaqui.com.br/segmentos/moda/bolsas-malas-e-mochilas/
E-commerce - Moda,"Telefonia, TV e Internet",https://www.reclameaqui.com.br/segmentos/moda/e-commerce-moda/
"Fantasias, Cosplays e Geek","Telefonia, TV e Internet",https://www.reclameaqui.com.br/segmentos/moda/fantasias-cosplays-e-geek/
Marcas de Calçados,"Telefonia, TV e Internet",https://www.reclameaqui.com.br/segmentos/moda/marcas-de-calcados/
Moda Fitness e Esportiva,"Telefonia, TV e Internet",https://www.reclameaqui.com.br/segmentos/moda/moda-fitness-e-esportiva/
Moda Plus Size,"Telefonia, TV e Internet",https://www.reclameaqui.com.br/segmentos/moda/moda-plus-size/
Moda Praia e Verão,"Telefonia, TV e Internet",https://www.reclameaqui.com.br/segmentos/moda/moda-praia-e-verao/
Outlets,"Telefonia, TV e Internet",https://www.reclameaqui.com.br/segmentos/moda/outlets/
"Roupas íntimas, Pijamas e Meias","Telefonia, TV e Internet",https://www.reclameaqui.com.br/segmentos/moda/roupas-intimas-pijamas-e-meias/
Óticas,"Telefonia, TV e Internet",https://www.reclameaqui.com.br/segmentos/moda/oticas/
Agências de viagens,"Telefonia, TV e Internet",https://www.reclameaqui.com.br/segmentos/turismo-e-lazer/agencias-de-viagens/
Planos de Celular,"Telefonia, TV e Internet",https://www.reclameaqui.com.br/segmentos/telefonia-tv-e-internet/planos-de-celular/
Planos de Internet,"Telefonia, TV e Internet",https://www.reclameaqui.com.br/segmentos/telefonia-tv-e-internet/planos-de-internet/
Planos de TV e Streaming,"Telefonia, TV e Internet",https://www.reclameaqui.com.br/segmentos/telefonia-tv-e-internet/planos-de-tv-e-streaming/
Casa de Aposta,"Telefonia, TV e Internet",https://www.reclameaqui.com.br/segmentos/apostas/casa-de-aposta/
Bancos Digitais,Apostas,https://www.reclameaqui.com.br/segmentos/bancos-e-financeiras/bancos-digitais/
Bancos Tradicionais e Digitais,Apostas,https://www.reclameaqui.com.br/segmentos/bancos-e-financeiras/bancos-tradicionais-e-digitais/
Bancos com Serviços Internacionais,Apostas,https://www.reclameaqui.com.br/segmentos/bancos-e-financeiras/bancos-com-servicos-internacionais/
Cartões Private Label de Varejo e Mercados,Apostas,https://www.reclameaqui.com.br/segmentos/bancos-e-financeiras/cartoes-de-credito/
Cartões de Benefícios,Apostas,https://www.reclameaqui.com.br/segmentos/bancos-e-financeiras/cartoes-de-beneficios/
Consórcios,Apostas,https://www.reclameaqui.com.br/segmentos/bancos-e-financeiras/consorcios/
Corretoras e Bancos de Investimentos,Apostas,https://www.reclameaqui.com.br/segmentos/bancos-e-financeiras/corretoras-e-bancos-de-investimentos/
Criptomoedas,Apostas,https://www.reclameaqui.com.br/segmentos/bancos-e-financeiras/criptomoedas/
Emissoras e Bandeiras de Cartão de Crédito,Apostas,https://www.reclameaqui.com.br/segmentos/bancos-e-financeiras/emissoras-e-bandeiras-de-cartao-de-credito/
Empréstimos,Apostas,https://www.reclameaqui.com.br/segmentos/bancos-e-financeiras/emprestimo/
Financiamentos,Apostas,https://www.reclameaqui.com.br/segmentos/bancos-e-financeiras/financiamento/
Cursos Preparatórios - Concurso e Vestibulares,Apostas,https://www.reclameaqui.com.br/segmentos/educacao/cursos-preparatorios-concurso-e-vestibulares/
Cursos Profissionalizantes,Apostas,https://www.reclameaqui.com.br/segmentos/educacao/cursos-profissionalizantes/
Cursos de Idiomas,Apostas,https://www.reclameaqui.com.br/segmentos/educacao/cursos-de-idiomas/
Universidades e Faculdades,Apostas,https://www.reclameaqui.com.br/segmentos/educacao/universidade-e-faculdades/
Acessórios - Moda,Apostas,https://www.reclameaqui.com.br/segmentos/moda/acessorios/
Alfaiataria,Apostas,https://www.reclameaqui.com.br/segmentos/moda/alfaiataria/
Bijuterias e Joalherias,Apostas,https://www.reclameaqui.com.br/segmentos/moda/bijuterias-e-joalherias/
"Bolsas, Malas e Mochilas",Apostas,https://www.reclameaqui.com.br/segmentos/moda/bolsas-malas-e-mochilas/
E-commerce - Moda,Apostas,https://www.reclameaqui.com.br/segmentos/moda/e-commerce-moda/
"Fantasias, Cosplays e Geek",Apostas,https://www.reclameaqui.com.br/segmentos/moda/fantasias-cosplays-e-geek/
Marcas de Calçados,Apostas,https://www.reclameaqui.com.br/segmentos/moda/marcas-de-calcados/
Moda Fitness e Esportiva,Apostas,https://www.reclameaqui.com.br/segmentos/moda/moda-fitness-e-esportiva/
Moda Plus Size,Apostas,https://www.reclameaqui.com.br/segmentos/moda/moda-plus-size/
Moda Praia e Verão,Apostas,https://www.reclameaqui.com.br/segmentos/moda/moda-praia-e-verao/
Outlets,Apostas,https://www.reclameaqui.com.br/segmentos/moda/outlets/
"Roupas íntimas, Pijamas e Meias",Apostas,https://www.reclameaqui.com.br/segmentos/moda/roupas-intimas-pijamas-e-meias/
Óticas,Apostas,https://www.reclameaqui.com.br/segmentos/moda/oticas/
Agências de viagens,Apostas,https://www.reclameaqui.com.br/segmentos/turismo-e-lazer/agencias-de-viagens/
Planos de Celular,Apostas,https://www.reclameaqui.com.br/segmentos/telefonia-tv-e-internet/planos-de-celular/
Planos de Internet,Apostas,https://www.reclameaqui.com.br/segmentos/telefonia-tv-e-internet/planos-de-internet/
Planos de TV e Streaming,Apostas,https://www.reclameaqui.com.br/segmentos/telefonia-tv-e-internet/planos-de-tv-e-streaming/
Casa de Aposta,Apostas,https://www.reclameaqui.com.br/segmentos/apostas/casa-de-aposta/
